timestamp,frame_id,pose_valid,pose_age,pose_source,backend_name,tracking_state,matches,inliers,inlier_ratio,features,local_map_size,local_key_frames,key_frame_added,registration_time_ms,odometry_lost,current_node_id,loop_closure_id,loop_closure_detected,telemetry_age,covariance_available,latency_ms
1789640042.306002,0,False,-1.0,rtabmap,rtabmap,initializing,0,0,0.0000,0,0,0,False,0.00,False,-1,0,False,-1.0,False,124.44
1789640042.440013,1,False,-1.0,rtabmap,rtabmap,initializing,0,0,0.0000,0,0,0,False,0.00,False,-1,0,False,-1.0,False,123.98
1789640042.473568,2,False,-1.0,rtabmap,rtabmap,initializing,0,0,0.0000,0,0,0,False,0.00,False,-1,0,False,-1.0,False,122.80
1789640042.507055,3,False,-1.0,rtabmap,rtabmap,initializing,0,0,0.0000,0,0,0,False,0.00,False,-1,0,False,-1.0,False,124.23
1789640042.541142,4,False,-1.0,rtabmap,rtabmap,initializing,0,0,0.0000,0,0,0,False,0.00,False,-1,0,False,-1.0,False,123.44
1789640042.573992,5,False,-1.0,rtabmap,rtabmap,initializing,0,0,0.0000,0,0,0,False,0.00,False,-1,0,False,-1.0,False,123.35
1789640042.607570,6,False,-1.0,rtabmap,rtabmap,initializing,0,0,0.0000,0,0,0,False,0.00,False,-1,0,False,-1.0,False,129.02
1789640042.640037,7,False,-1.0,rtabmap,rtabmap,initializing,0,0,0.0000,0,0,0,False,0.00,False,-1,0,False,-1.0,False,125.75
1789640042.673754,8,False,-1.0,rtabmap,rtabmap,initializing,0,0,0.0000,0,0,0,False,0.00,False,-1,0,False,-1.0,False,126.96
1789640042.706391,9,True,0.1993,rtabmap,rtabmap,tracking,0,0,0.0000,961,961,1,True,16.50,False,-1,0,False,0.1993,True,66.08
1789640042.740388,10,True,0.2333,rtabmap,rtabmap,tracking,0,0,0.0000,961,961,1,True,16.50,False,-1,0,False,0.2333,True,62.30
1789640042.773139,11,True,0.2661,rtabmap,rtabmap,tracking,0,0,0.0000,0,0,0,False,0.00,False,-1,0,False,0.2661,False,62.68
1789640042.806658,12,True,0.2996,rtabmap,rtabmap,tracking,0,0,0.0000,0,0,0,False,0.00,False,-1,0,False,0.2996,False,62.61
1789640042.840252,13,True,0.3332,rtabmap,rtabmap,tracking,0,0,0.0000,0,0,0,False,0.00,False,-1,0,False,0.3332,False,61.94
1789640042.873399,14,True,0.3663,rtabmap,rtabmap,tracking,0,0,0.0000,0,0,0,False,0.00,False,-1,0,False,0.3663,False,62.64
1789640042.906818,15,True,0.3998,rtabmap,rtabmap,tracking,0,0,0.0000,0,0,0,False,0.00,False,-1,0,False,0.3998,False,62.92
1789640042.940251,16,True,0.4332,rtabmap,rtabmap,tracking,0,0,0.0000,0,0,0,False,0.00,False,-1,0,False,0.4332,False,62.06
1789640042.973394,17,True,0.4663,rtabmap,rtabmap,tracking,0,0,0.0000,0,0,0,False,0.00,False,-1,0,False,0.4663,False,62.84
1789640043.006862,18,True,0.4998,rtabmap,rtabmap,tracking,0,0,0.0000,0,0,0,False,0.00,False,-1,0,False,0.4998,False,62.27
1789640043.040468,19,True,0.5334,rtabmap,rtabmap,tracking,0,0,0.0000,0,0,0,False,0.00,False,-1,0,False,0.5334,False,63.54
1789640043.073382,20,True,0.5663,rtabmap,rtabmap,tracking,0,0,0.0000,0,0,0,False,0.00,False,-1,0,False,0.5663,False,63.18
1789640043.106558,21,True,0.5995,rtabmap,rtabmap,tracking,0,0,0.0000,0,0,0,False,0.00,False,-1,0,False,0.5995,False,62.48
1789640043.141042,22,True,0.6340,rtabmap,rtabmap,tracking,0,0,0.0000,0,0,0,False,0.00,False,-1,0,False,0.6340,False,62.85
1789640043.173733,23,True,0.6667,rtabmap,rtabmap,tracking,0,0,0.0000,0,0,0,False,0.00,False,-1,0,False,0.6667,False,62.34
1789640043.207369,24,True,0.7003,rtabmap,rtabmap,tracking,0,0,0.0000,0,0,0,False,0.00,False,-1,0,False,0.7003,False,62.57
1789640043.240817,25,True,0.7338,rtabmap,rtabmap,tracking,0,0,0.0000,0,0,0,False,0.00,False,-1,0,False,0.7338,False,63.52
1789640043.273926,26,True,0.7669,rtabmap,rtabmap,tracking,0,0,0.0000,0,0,0,False,0.00,False,-1,0,False,0.7669,False,62.80
1789640043.307955,27,True,0.8009,rtabmap,rtabmap,tracking,0,0,0.0000,0,0,0,False,0.00,False,-1,0,False,0.8009,False,62.37
1789640043.340390,28,True,0.8333,rtabmap,rtabmap,tracking,0,0,0.0000,0,0,0,False,0.00,False,-1,0,False,0.8333,False,62.63
1789640043.373889,29,True,0.8668,rtabmap,rtabmap,tracking,0,0,0.0000,0,0,0,False,0.00,False,-1,0,False,0.8668,False,64.05
1789640043.407157,30,True,0.9001,rtabmap,rtabmap,tracking,0,0,0.0000,0,0,0,False,0.00,False,-1,0,False,0.9001,False,62.52
1789640043.440380,31,True,0.9333,rtabmap,rtabmap,tracking,0,0,0.0000,0,0,0,False,0.00,False,-1,0,False,0.9333,False,62.77
1789640043.473913,32,True,0.9669,rtabmap,rtabmap,tracking,0,0,0.0000,0,0,0,False,0.00,False,-1,0,False,0.9669,False,64.65
1789640043.541186,33,True,1.0341,rtabmap,rtabmap,tracking,0,0,0.0000,0,0,0,False,0.00,False,-1,0,False,1.0341,False,62.87
1789640043.573823,34,True,1.0668,rtabmap,rtabmap,tracking,0,0,0.0000,0,0,0,False,0.00,False,-1,0,False,1.0668,False,62.36
1789640043.607196,35,True,1.1001,rtabmap,rtabmap,tracking,0,0,0.0000,0,0,0,False,0.00,False,-1,0,False,1.1001,False,62.65
1789640043.641104,36,True,1.1340,rtabmap,rtabmap,tracking,0,0,0.0000,0,0,0,False,0.00,False,-1,0,False,1.1340,False,62.52
1789640043.674171,37,True,1.1671,rtabmap,rtabmap,tracking,0,0,0.0000,0,0,0,False,0.00,False,-1,0,False,1.1671,False,62.83
1789640043.707321,38,True,1.2003,rtabmap,rtabmap,tracking,0,0,0.0000,0,0,0,False,0.00,False,-1,0,False,1.2003,False,62.35
1789640043.740639,39,True,1.2336,rtabmap,rtabmap,tracking,0,0,0.0000,0,0,0,False,0.00,False,-1,0,False,1.2336,False,62.36
1789640043.774932,40,True,1.2679,rtabmap,rtabmap,tracking,0,0,0.0000,0,0,0,False,0.00,False,-1,0,False,1.2679,False,63.02
1789640043.807718,41,True,1.3007,rtabmap,rtabmap,tracking,0,0,0.0000,0,0,0,False,0.00,False,-1,0,False,1.3007,False,62.17
1789640043.841255,42,True,1.3342,rtabmap,rtabmap,tracking,0,0,0.0000,0,0,0,False,0.00,False,-1,0,False,1.3342,False,62.19
1789640043.874356,43,True,1.3673,rtabmap,rtabmap,tracking,0,0,0.0000,0,0,0,False,0.00,False,-1,0,False,1.3673,False,62.66
1789640043.908052,44,True,1.4010,rtabmap,rtabmap,tracking,0,0,0.0000,0,0,0,False,0.00,False,-1,0,False,1.4010,False,63.05
1789640043.941431,45,True,1.4344,rtabmap,rtabmap,tracking,0,0,0.0000,0,0,0,False,0.00,False,-1,0,False,1.4344,False,64.31
1789640043.974551,46,True,1.4675,rtabmap,rtabmap,tracking,0,0,0.0000,0,0,0,False,0.00,False,-1,0,False,1.4675,False,62.98
1789640044.008123,47,True,1.5011,rtabmap,rtabmap,tracking,0,0,0.0000,0,0,0,False,0.00,False,-1,0,False,1.5011,False,63.25
1789640044.041209,48,True,1.5342,rtabmap,rtabmap,tracking,0,0,0.0000,0,0,0,False,0.00,False,-1,0,False,1.5342,False,63.92
1789640044.074653,49,True,1.5676,rtabmap,rtabmap,tracking,0,0,0.0000,0,0,0,False,0.00,False,-1,0,False,1.5676,False,63.70
1789640044.108222,50,True,1.6012,rtabmap,rtabmap,tracking,0,0,0.0000,0,0,0,False,0.00,False,-1,0,False,1.6012,False,62.98
1789640044.141536,51,True,1.6345,rtabmap,rtabmap,tracking,0,0,0.0000,0,0,0,False,0.00,False,-1,0,False,1.6345,False,62.90
1789640044.174536,52,True,1.6675,rtabmap,rtabmap,tracking,0,0,0.0000,0,0,0,False,0.00,False,-1,0,False,1.6675,False,62.18
1789640044.207850,53,True,1.7008,rtabmap,rtabmap,tracking,0,0,0.0000,0,0,0,False,0.00,False,-1,0,False,1.7008,False,65.89
1789640044.241600,54,True,1.7345,rtabmap,rtabmap,tracking,0,0,0.0000,0,0,0,False,0.00,False,-1,0,False,1.7345,False,65.38
1789640044.275007,55,True,1.7680,rtabmap,rtabmap,tracking,0,0,0.0000,0,0,0,False,0.00,False,-1,0,False,1.7680,False,62.95
1789640044.308622,56,True,1.8016,rtabmap,rtabmap,tracking,0,0,0.0000,0,0,0,False,0.00,False,-1,0,False,1.8016,False,63.05
1789640044.342377,57,True,1.8353,rtabmap,rtabmap,tracking,0,0,0.0000,0,0,0,False,0.00,False,-1,0,False,1.8353,False,62.55
1789640044.374931,58,True,0.0326,rtabmap,rtabmap,tracking,570,375,0.3866,970,1501,2,False,75.91,False,-1,0,False,0.0326,True,2.10
1789640044.408591,59,True,0.0662,rtabmap,rtabmap,tracking,570,375,0.3866,970,1501,2,False,75.91,False,-1,0,False,0.0662,True,0.92
1789640044.442123,60,True,0.0335,rtabmap,rtabmap,tracking,549,351,0.3683,953,1501,2,False,58.48,False,-1,0,False,0.0335,True,1.49
1789640044.475318,61,True,0.0667,rtabmap,rtabmap,tracking,549,351,0.3683,953,1501,2,False,58.48,False,-1,0,False,0.0667,True,1.05
1789640044.508377,62,True,0.0998,rtabmap,rtabmap,tracking,549,351,0.3683,953,1501,2,False,58.48,False,-1,0,False,0.0998,True,1.14
1789640044.541678,63,True,0.1331,rtabmap,rtabmap,tracking,549,351,0.3683,953,1501,2,False,58.48,False,-1,0,False,0.1331,True,1.84
1789640044.575353,64,True,0.1668,rtabmap,rtabmap,tracking,549,351,0.3683,953,1501,2,False,58.48,False,-1,0,False,0.1668,True,1.27
1789640044.609256,65,True,0.2007,rtabmap,rtabmap,tracking,549,351,0.3683,953,1501,2,False,58.48,False,-1,0,False,0.2007,True,1.56
1789640044.642038,66,True,0.2334,rtabmap,rtabmap,tracking,549,351,0.3683,953,1501,2,False,58.48,False,-1,0,False,0.2334,True,1.45
1789640044.675168,67,True,0.2666,rtabmap,rtabmap,tracking,0,0,0.0000,0,0,0,False,0.00,False,-1,0,False,0.2666,False,1.69
1789640044.708425,68,True,0.2998,rtabmap,rtabmap,tracking,0,0,0.0000,0,0,0,False,0.00,False,-1,0,False,0.2998,False,0.77
1789640044.742157,69,True,0.3336,rtabmap,rtabmap,tracking,0,0,0.0000,0,0,0,False,0.00,False,-1,0,False,0.3336,False,0.74
1789640044.775416,70,True,0.0333,rtabmap,rtabmap,tracking,375,170,0.1812,938,1501,3,True,81.74,False,-1,0,False,0.0333,True,4.03
1789640044.808622,71,True,0.0665,rtabmap,rtabmap,tracking,375,170,0.1812,938,1501,3,True,81.74,False,-1,0,False,0.0665,True,2.82
1789640044.842040,72,True,0.0999,rtabmap,rtabmap,tracking,375,170,0.1812,938,1501,3,True,81.74,False,-1,0,False,0.0999,True,4.32
1789640044.875513,73,True,0.1334,rtabmap,rtabmap,tracking,375,170,0.1812,938,1501,3,True,81.74,False,-1,0,False,0.1334,True,1.02
1789640044.909069,74,True,0.1669,rtabmap,rtabmap,tracking,375,170,0.1812,938,1501,3,True,81.74,False,-1,0,False,0.1669,True,0.93
1789640044.942294,75,True,0.2001,rtabmap,rtabmap,tracking,375,170,0.1812,938,1501,3,True,81.74,False,-1,0,False,0.2001,True,1.44
1789640044.975545,76,True,0.2334,rtabmap,rtabmap,tracking,375,170,0.1812,938,1501,3,True,81.74,False,-1,0,False,0.2334,True,1.12
1789640045.009254,77,True,0.2671,rtabmap,rtabmap,tracking,0,0,0.0000,0,0,0,False,0.00,False,-1,0,False,0.2671,False,2.00
1789640045.042205,78,True,0.3000,rtabmap,rtabmap,tracking,0,0,0.0000,0,0,0,False,0.00,False,-1,0,False,0.3000,False,2.10
1789640045.075663,79,True,0.3335,rtabmap,rtabmap,tracking,0,0,0.0000,0,0,0,False,0.00,False,-1,0,False,0.3335,False,1.18
